5digit	4digit	3digit	2digit	section
00111	0011	001	00	0
00119	0011	001	00	0
00121	0012	001	00	0
00122	0012	001	00	0
00141	0014	001	00	0
00149	0014	001	00	0
01111	0111	011	01	0
01112	0111	011	01	0
01181	0118	011	01	0
01189	0118	011	01	0
02241	0224	022	02	0
02242	0224	022	02	0
02243	0224	022	02	0
02249	0224	022	02	0
03502	0350	035	03	0
03503	0350	035	03	0
03504	0350	035	03	0
04212	0421	042	04	0
04221	0422	042	04	0
04222	0422	042	04	0
04591	0459	045	04	0
04592	0459	045	04	0
04599	0459	045	04	0
04601	0460	046	04	0
04602	0460	046	04	0
04701	0470	047	04	0
04702	0470	047	04	0
04811	0481	048	04	0
04812	0481	048	04	0
04841	0484	048	04	0
04842	0484	048	04	0
05451	0545	054	05	0
05459	0545	054	05	0
05461	0546	054	05	0
05462	0546	054	05	0
05481	0548	054	05	0
05482	0548	054	05	0
05484	0548	054	05	0
05488	0548	054	05	0
05643	0564	056	05	0
05645	0564	056	05	0
05649	0564	056	05	0
05651	0565	056	05	0
05659	0565	056	05	0
05711	0571	057	05	0
05712	0571	057	05	0
05721	0572	057	05	0
05722	0572	057	05	0
05729	0572	057	05	0
05751	0575	057	05	0
05752	0575	057	05	0
05771	0577	057	05	0
05772	0577	057	05	0
05773	0577	057	05	0
05774	0577	057	05	0
05779	0577	057	05	0
05792	0579	057	05	0
05793	0579	057	05	0
05794	0579	057	05	0
05795	0579	057	05	0
05796	0579	057	05	0
05797	0579	057	05	0
05798	0579	057	05	0
05799	0579	057	05	0
05851	0585	058	05	0
05852	0585	058	05	0
05853	0585	058	05	0
05854	0585	058	05	0
05855	0585	058	05	0
05857	0585	058	05	0
05858	0585	058	05	0
05861	0586	058	05	0
05862	0586	058	05	0
05863	0586	058	05	0
05864	0586	058	05	0
05891	0589	058	05	0
05899	0589	058	05	0
06201	0620	062	06	0
06202	0620	062	06	0
07111	0711	071	07	0
07112	0711	071	07	0
07113	0711	071	07	0
07231	0723	072	07	0
07232	0723	072	07	0
07521	0752	075	07	0
07522	0752	075	07	0
07523	0752	075	07	0
07524	0752	075	07	0
07525	0752	075	07	0
07526	0752	075	07	0
07528	0752	075	07	0
08111	0811	081	08	0
08112	0811	081	08	0
08119	0811	081	08	0
08121	0812	081	08	0
08122	0812	081	08	0
08123	0812	081	08	0
08131	0813	081	08	0
08132	0813	081	08	0
08133	0813	081	08	0
08134	0813	081	08	0
08135	0813	081	08	0
08136	0813	081	08	0
08137	0813	081	08	0
08138	0813	081	08	0
08139	0813	081	08	0
08142	0814	081	08	0
08192	0819	081	08	0
08193	0819	081	08	0
08194	0819	081	08	0
08199	0819	081	08	0
09141	0914	091	09	0
09149	0914	091	09	0
09801	0980	098	09	0
09802	0980	098	09	0
09803	0980	098	09	0
09804	0980	098	09	0
09805	0980	098	09	0
09806	0980	098	09	0
09807	0980	098	09	0
09808	0980	098	09	0
09809	0980	098	09	0
11101	1110	111	11	1
11102	1110	111	11	1
11211	1121	112	11	1
11212	1121	112	11	1
11213	1121	112	11	1
11241	1124	112	11	1
11242	1124	112	11	1
11249	1124	112	11	1
12111	1211	121	12	1
12119	1211	121	12	1
12121	1212	121	12	1
12129	1212	121	12	1
21191	2119	211	21	2
21199	2119	211	21	2
21201	2120	212	21	2
21209	2120	212	21	2
23201	2320	232	23	2
23202	2320	232	23	2
23203	2320	232	23	2
23311	2331	233	23	2
23312	2331	233	23	2
23313	2331	233	23	2
23314	2331	233	23	2
23315	2331	233	23	2
23316	2331	233	23	2
23319	2331	233	23	2
23321	2332	233	23	2
23322	2332	233	23	2
24401	2440	244	24	2
24402	2440	244	24	2
24501	2450	245	24	2
24502	2450	245	24	2
24601	2460	246	24	2
24602	2460	246	24	2
24603	2460	246	24	2
24711	2471	247	24	2
24712	2471	247	24	2
24721	2472	247	24	2
24722	2472	247	24	2
24821	2482	248	24	2
24822	2482	248	24	2
24831	2483	248	24	2
24832	2483	248	24	2
25171	2517	251	25	2
25172	2517	251	25	2
25181	2518	251	25	2
25182	2518	251	25	2
25191	2519	251	25	2
25192	2519	251	25	2
26141	2614	261	26	2
26142	2614	261	26	2
26511	2651	265	26	2
26512	2651	265	26	2
26513	2651	265	26	2
26514	2651	265	26	2
26591	2659	265	26	2
26599	2659	265	26	2
26651	2665	266	26	2
26652	2665	266	26	2
26653	2665	266	26	2
26659	2665	266	26	2
26661	2666	266	26	2
26662	2666	266	26	2
26663	2666	266	26	2
26669	2666	266	26	2
26671	2667	266	26	2
26672	2667	266	26	2
26673	2667	266	26	2
26679	2667	266	26	2
26711	2671	267	26	2
26712	2671	267	26	2
26713	2671	267	26	2
26721	2672	267	26	2
26722	2672	267	26	2
26851	2685	268	26	2
26859	2685	268	26	2
26861	2686	268	26	2
26862	2686	268	26	2
26901	2690	269	26	2
26902	2690	269	26	2
27131	2713	271	27	2
27132	2713	271	27	2
27311	2731	273	27	2
27312	2731	273	27	2
27313	2731	273	27	2
27322	2732	273	27	2
27323	2732	273	27	2
27324	2732	273	27	2
27721	2772	277	27	2
27722	2772	277	27	2
27821	2782	278	27	2
27822	2782	278	27	2
27823	2782	278	27	2
27824	2782	278	27	2
27851	2785	278	27	2
27852	2785	278	27	2
27853	2785	278	27	2
27854	2785	278	27	2
27861	2786	278	27	2
27862	2786	278	27	2
27891	2789	278	27	2
27892	2789	278	27	2
27893	2789	278	27	2
27894	2789	278	27	2
27895	2789	278	27	2
27896	2789	278	27	2
27899	2789	278	27	2
28201	2820	282	28	2
28202	2820	282	28	2
28209	2820	282	28	2
28711	2871	287	28	2
28712	2871	287	28	2
28721	2872	287	28	2
28722	2872	287	28	2
28731	2873	287	28	2
28732	2873	287	28	2
28791	2879	287	28	2
28792	2879	287	28	2
28793	2879	287	28	2
28799	2879	287	28	2
28821	2882	288	28	2
28822	2882	288	28	2
28823	2882	288	28	2
28824	2882	288	28	2
28825	2882	288	28	2
28826	2882	288	28	2
28901	2890	289	28	2
28902	2890	289	28	2
29111	2911	291	29	2
29115	2911	291	29	2
29116	2911	291	29	2
29191	2919	291	29	2
29192	2919	291	29	2
29193	2919	291	29	2
29194	2919	291	29	2
29196	2919	291	29	2
29197	2919	291	29	2
29198	2919	291	29	2
29199	2919	291	29	2
29261	2926	292	29	2
29269	2926	292	29	2
29271	2927	292	29	2
29272	2927	292	29	2
29291	2929	292	29	2
29292	2929	292	29	2
29293	2929	292	29	2
29298	2929	292	29	2
32311	3231	323	32	3
32312	3231	323	32	3
32313	3231	323	32	3
32321	3232	323	32	3
32322	3232	323	32	3
33401	3340	334	33	3
33411	3341	334	33	3
33412	3341	334	33	3
33419	3341	334	33	3
33421	3342	334	33	3
33429	3342	334	33	3
33451	3345	334	33	3
33452	3345	334	33	3
33511	3351	335	33	3
33512	3351	335	33	3
33521	3352	335	33	3
33522	3352	335	33	3
33523	3352	335	33	3
33524	3352	335	33	3
33525	3352	335	33	3
33531	3353	335	33	3
33532	3353	335	33	3
33541	3354	335	33	3
33542	3354	335	33	3
33543	3354	335	33	3
34131	3413	341	34	3
34139	3413	341	34	3
03501	0350	035	03	0
41111	4111	411	41	4
41112	4111	411	41	4
41113	4111	411	41	4
41131	4113	411	41	4
41132	4113	411	41	4
41133	4113	411	41	4
41134	4113	411	41	4
41139	4113	411	41	4
04211	0421	042	04	0
42391	4239	423	42	4
42392	4239	423	42	4
43131	4313	431	43	4
43133	4313	431	43	4
43143	4314	431	43	4
43144	4314	431	43	4
51111	5111	511	51	5
51112	5111	511	51	5
51113	5111	511	51	5
51119	5111	511	51	5
51121	5112	511	51	5
51122	5112	511	51	5
51123	5112	511	51	5
51124	5112	511	51	5
51125	5112	511	51	5
51126	5112	511	51	5
51129	5112	511	51	5
51131	5113	511	51	5
51132	5113	511	51	5
51133	5113	511	51	5
51139	5113	511	51	5
51211	5121	512	51	5
51212	5121	512	51	5
51213	5121	512	51	5
51214	5121	512	51	5
51215	5121	512	51	5
51216	5121	512	51	5
51217	5121	512	51	5
51218	5121	512	51	5
51219	5121	512	51	5
51234	5123	512	51	5
51235	5123	512	51	5
51236	5123	512	51	5
51237	5123	512	51	5
51371	5137	513	51	5
51372	5137	513	51	5
51373	5137	513	51	5
51379	5137	513	51	5
51381	5138	513	51	5
51382	5138	513	51	5
51383	5138	513	51	5
51384	5138	513	51	5
51389	5138	513	51	5
51481	5148	514	51	5
51482	5148	514	51	5
51483	5148	514	51	5
51484	5148	514	51	5
51485	5148	514	51	5
51486	5148	514	51	5
51489	5148	514	51	5
51551	5155	515	51	5
51559	5155	515	51	5
51561	5156	515	51	5
51569	5156	515	51	5
51571	5157	515	51	5
51572	5157	515	51	5
51611	5161	516	51	5
51612	5161	516	51	5
51613	5161	516	51	5
51614	5161	516	51	5
51619	5161	516	51	5
51621	5162	516	51	5
51622	5162	516	51	5
51623	5162	516	51	5
51624	5162	516	51	5
51629	5162	516	51	5
51631	5163	516	51	5
51639	5163	516	51	5
51691	5169	516	51	5
51692	5169	516	51	5
51699	5169	516	51	5
52211	5221	522	52	5
52212	5221	522	52	5
52213	5221	522	52	5
52214	5221	522	52	5
52215	5221	522	52	5
52216	5221	522	52	5
52217	5221	522	52	5
52218	5221	522	52	5
52221	5222	522	52	5
52222	5222	522	52	5
52223	5222	522	52	5
52224	5222	522	52	5
52225	5222	522	52	5
52229	5222	522	52	5
52231	5223	522	52	5
52232	5223	522	52	5
52241	5224	522	52	5
52242	5224	522	52	5
52243	5224	522	52	5
52244	5224	522	52	5
52245	5224	522	52	5
52246	5224	522	52	5
52247	5224	522	52	5
52251	5225	522	52	5
52252	5225	522	52	5
52253	5225	522	52	5
52254	5225	522	52	5
52255	5225	522	52	5
52256	5225	522	52	5
52257	5225	522	52	5
52259	5225	522	52	5
52311	5231	523	52	5
52312	5231	523	52	5
52313	5231	523	52	5
52314	5231	523	52	5
52315	5231	523	52	5
52316	5231	523	52	5
52317	5231	523	52	5
52318	5231	523	52	5
52319	5231	523	52	5
52321	5232	523	52	5
52322	5232	523	52	5
52323	5232	523	52	5
52324	5232	523	52	5
52325	5232	523	52	5
52326	5232	523	52	5
52327	5232	523	52	5
52328	5232	523	52	5
52329	5232	523	52	5
52331	5233	523	52	5
52332	5233	523	52	5
52391	5239	523	52	5
52392	5239	523	52	5
52393	5239	523	52	5
52394	5239	523	52	5
52395	5239	523	52	5
52399	5239	523	52	5
52491	5249	524	52	5
52492	5249	524	52	5
53121	5312	531	53	5
53122	5312	531	53	5
53221	5322	532	53	5
53222	5322	532	53	5
53341	5334	533	53	5
53342	5334	533	53	5
53343	5334	533	53	5
53344	5334	533	53	5
53351	5335	533	53	5
53352	5335	533	53	5
53353	5335	533	53	5
53354	5335	533	53	5
54131	5413	541	54	5
54132	5413	541	54	5
54133	5413	541	54	5
54139	5413	541	54	5
54151	5415	541	54	5
54152	5415	541	54	5
54153	5415	541	54	5
54159	5415	541	54	5
54161	5416	541	54	5
54162	5416	541	54	5
54164	5416	541	54	5
54165	5416	541	54	5
54171	5417	541	54	5
54172	5417	541	54	5
54173	5417	541	54	5
54179	5417	541	54	5
54191	5419	541	54	5
54199	5419	541	54	5
56211	5621	562	56	5
56212	5621	562	56	5
56213	5621	562	56	5
56214	5621	562	56	5
56215	5621	562	56	5
56216	5621	562	56	5
56219	5621	562	56	5
56221	5622	562	56	5
56222	5622	562	56	5
56229	5622	562	56	5
56231	5623	562	56	5
56232	5623	562	56	5
56239	5623	562	56	5
56291	5629	562	56	5
56292	5629	562	56	5
56293	5629	562	56	5
56299	5629	562	56	5
57211	5721	572	57	5
57212	5721	572	57	5
05775	0577	057	05	0
58211	5821	582	58	5
58212	5821	582	58	5
58219	5821	582	58	5
58221	5822	582	58	5
58222	5822	582	58	5
58229	5822	582	58	5
58231	5823	582	58	5
58232	5823	582	58	5
58239	5823	582	58	5
58241	5824	582	58	5
58242	5824	582	58	5
58249	5824	582	58	5
58251	5825	582	58	5
58259	5825	582	58	5
58261	5826	582	58	5
58269	5826	582	58	5
58311	5831	583	58	5
58312	5831	583	58	5
58313	5831	583	58	5
58319	5831	583	58	5
58321	5832	583	58	5
58322	5832	583	58	5
58329	5832	583	58	5
58331	5833	583	58	5
58332	5833	583	58	5
58333	5833	583	58	5
58339	5833	583	58	5
58341	5834	583	58	5
58342	5834	583	58	5
58343	5834	583	58	5
58349	5834	583	58	5
58351	5835	583	58	5
58352	5835	583	58	5
58353	5835	583	58	5
58359	5835	583	58	5
58361	5836	583	58	5
58362	5836	583	58	5
58369	5836	583	58	5
58421	5842	584	58	5
58422	5842	584	58	5
58431	5843	584	58	5
58432	5843	584	58	5
58491	5849	584	58	5
58492	5849	584	58	5
58493	5849	584	58	5
58521	5852	585	58	5
58522	5852	585	58	5
58529	5852	585	58	5
59141	5914	591	59	5
59149	5914	591	59	5
59211	5921	592	59	5
59212	5921	592	59	5
59221	5922	592	59	5
59222	5922	592	59	5
59223	5922	592	59	5
59224	5922	592	59	5
59225	5922	592	59	5
59229	5922	592	59	5
59811	5981	598	59	5
59812	5981	598	59	5
59813	5981	598	59	5
59814	5981	598	59	5
59819	5981	598	59	5
59831	5983	598	59	5
59832	5983	598	59	5
59833	5983	598	59	5
59891	5989	598	59	5
59892	5989	598	59	5
59893	5989	598	59	5
59894	5989	598	59	5
59895	5989	598	59	5
59896	5989	598	59	5
59897	5989	598	59	5
59898	5989	598	59	5
59899	5989	598	59	5
61161	6116	611	61	6
61169	6116	611	61	6
61181	6118	611	61	6
61182	6118	611	61	6
61183	6118	611	61	6
62101	6210	621	62	6
62102	6210	621	62	6
62103	6210	621	62	6
62104	6210	621	62	6
62105	6210	621	62	6
62106	6210	621	62	6
62591	6259	625	62	6
62599	6259	625	62	6
62898	6289	628	62	6
62899	6289	628	62	6
63301	6330	633	63	6
63302	6330	633	63	6
63431	6343	634	63	6
63432	6343	634	63	6
63441	6344	634	63	6
63442	6344	634	63	6
63443	6344	634	63	6
63491	6349	634	63	6
63492	6349	634	63	6
63493	6349	634	63	6
63541	6354	635	63	6
63542	6354	635	63	6
63549	6354	635	63	6
63591	6359	635	63	6
63592	6359	635	63	6
63599	6359	635	63	6
64121	6412	641	64	6
64122	6412	641	64	6
64131	6413	641	64	6
64132	6413	641	64	6
64139	6413	641	64	6
64151	6415	641	64	6
64152	6415	641	64	6
64153	6415	641	64	6
64159	6415	641	64	6
64161	6416	641	64	6
64162	6416	641	64	6
64171	6417	641	64	6
64172	6417	641	64	6
64173	6417	641	64	6
64174	6417	641	64	6
64181	6418	641	64	6
64182	6418	641	64	6
64189	6418	641	64	6
64192	6419	641	64	6
64196	6419	641	64	6
64197	6419	641	64	6
64241	6424	642	64	6
64242	6424	642	64	6
64243	6424	642	64	6
64244	6424	642	64	6
64249	6424	642	64	6
64281	6428	642	64	6
64282	6428	642	64	6
64283	6428	642	64	6
64284	6428	642	64	6
64285	6428	642	64	6
64289	6428	642	64	6
65111	6511	651	65	6
65116	6511	651	65	6
65117	6511	651	65	6
65121	6512	651	65	6
65122	6512	651	65	6
65123	6512	651	65	6
65124	6512	651	65	6
65125	6512	651	65	6
65126	6512	651	65	6
65127	6512	651	65	6
65128	6512	651	65	6
65129	6512	651	65	6
65131	6513	651	65	6
65132	6513	651	65	6
65133	6513	651	65	6
65134	6513	651	65	6
65135	6513	651	65	6
65141	6514	651	65	6
65142	6514	651	65	6
65143	6514	651	65	6
65144	6514	651	65	6
65145	6514	651	65	6
65146	6514	651	65	6
65147	6514	651	65	6
65148	6514	651	65	6
65149	6514	651	65	6
65151	6515	651	65	6
65152	6515	651	65	6
65166	6516	651	65	6
65167	6516	651	65	6
65168	6516	651	65	6
65169	6516	651	65	6
65171	6517	651	65	6
65172	6517	651	65	6
65173	6517	651	65	6
65174	6517	651	65	6
65175	6517	651	65	6
65176	6517	651	65	6
65177	6517	651	65	6
65178	6517	651	65	6
65181	6518	651	65	6
65182	6518	651	65	6
65191	6519	651	65	6
65195	6519	651	65	6
65196	6519	651	65	6
65197	6519	651	65	6
65198	6519	651	65	6
65199	6519	651	65	6
65211	6521	652	65	6
65212	6521	652	65	6
65214	6521	652	65	6
65215	6521	652	65	6
65221	6522	652	65	6
65222	6522	652	65	6
65223	6522	652	65	6
65224	6522	652	65	6
65225	6522	652	65	6
65314	6531	653	65	6
65315	6531	653	65	6
65316	6531	653	65	6
65341	6534	653	65	6
65342	6534	653	65	6
65343	6534	653	65	6
65349	6534	653	65	6
65354	6535	653	65	6
65355	6535	653	65	6
65356	6535	653	65	6
65381	6538	653	65	6
65382	6538	653	65	6
65383	6538	653	65	6
65389	6538	653	65	6
65397	6539	653	65	6
65398	6539	653	65	6
65421	6542	654	65	6
65422	6542	654	65	6
65431	6543	654	65	6
65432	6543	654	65	6
65433	6543	654	65	6
65434	6543	654	65	6
65491	6549	654	65	6
65492	6549	654	65	6
65498	6549	654	65	6
65499	6549	654	65	6
65521	6552	655	65	6
65522	6552	655	65	6
65523	6552	655	65	6
65529	6552	655	65	6
65601	6560	656	65	6
65602	6560	656	65	6
65603	6560	656	65	6
65604	6560	656	65	6
65605	6560	656	65	6
65606	6560	656	65	6
65731	6573	657	65	6
65732	6573	657	65	6
65733	6573	657	65	6
65739	6573	657	65	6
65751	6575	657	65	6
65752	6575	657	65	6
65759	6575	657	65	6
65761	6576	657	65	6
65762	6576	657	65	6
65771	6577	657	65	6
65772	6577	657	65	6
65773	6577	657	65	6
65791	6579	657	65	6
65792	6579	657	65	6
65821	6582	658	65	6
65829	6582	658	65	6
65831	6583	658	65	6
65832	6583	658	65	6
65833	6583	658	65	6
65839	6583	658	65	6
65841	6584	658	65	6
65842	6584	658	65	6
65843	6584	658	65	6
65844	6584	658	65	6
65845	6584	658	65	6
65846	6584	658	65	6
65848	6584	658	65	6
65849	6584	658	65	6
65891	6589	658	65	6
65898	6589	658	65	6
65899	6589	658	65	6
65911	6591	659	65	6
65912	6591	659	65	6
65921	6592	659	65	6
65929	6592	659	65	6
65941	6594	659	65	6
65942	6594	659	65	6
65949	6594	659	65	6
65951	6595	659	65	6
65952	6595	659	65	6
65959	6595	659	65	6
65961	6596	659	65	6
65962	6596	659	65	6
65963	6596	659	65	6
66131	6613	661	66	6
66132	6613	661	66	6
66133	6613	661	66	6
66181	6618	661	66	6
66182	6618	661	66	6
66183	6618	661	66	6
66231	6623	662	66	6
66232	6623	662	66	6
66233	6623	662	66	6
66241	6624	662	66	6
66242	6624	662	66	6
66243	6624	662	66	6
66244	6624	662	66	6
66245	6624	662	66	6
66331	6633	663	66	6
66332	6633	663	66	6
66333	6633	663	66	6
66339	6633	663	66	6
66381	6638	663	66	6
66382	6638	663	66	6
66391	6639	663	66	6
66392	6639	663	66	6
66414	6641	664	66	6
66415	6641	664	66	6
66491	6649	664	66	6
66492	6649	664	66	6
66493	6649	664	66	6
66494	6649	664	66	6
66511	6651	665	66	6
66512	6651	665	66	6
66581	6658	665	66	6
66582	6658	665	66	6
66589	6658	665	66	6
66721	6672	667	66	6
66722	6672	667	66	6
66729	6672	667	66	6
67131	6713	671	67	6
67132	6713	671	67	6
67133	6713	671	67	6
67161	6716	671	67	6
67162	6716	671	67	6
67169	6716	671	67	6
67241	6724	672	67	6
67242	6724	672	67	6
67243	6724	672	67	6
67244	6724	672	67	6
67245	6724	672	67	6
67251	6725	672	67	6
67252	6725	672	67	6
67254	6725	672	67	6
67255	6725	672	67	6
67271	6727	672	67	6
67272	6727	672	67	6
67274	6727	672	67	6
67275	6727	672	67	6
67311	6731	673	67	6
67312	6731	673	67	6
67314	6731	673	67	6
67315	6731	673	67	6
67322	6732	673	67	6
67324	6732	673	67	6
67325	6732	673	67	6
67326	6732	673	67	6
67327	6732	673	67	6
67331	6733	673	67	6
67332	6733	673	67	6
67333	6733	673	67	6
67334	6733	673	67	6
67335	6733	673	67	6
67336	6733	673	67	6
67337	6733	673	67	6
67338	6733	673	67	6
67339	6733	673	67	6
67414	6741	674	67	6
67415	6741	674	67	6
67441	6744	674	67	6
67442	6744	674	67	6
67443	6744	674	67	6
67444	6744	674	67	6
67451	6745	674	67	6
67452	6745	674	67	6
67453	6745	674	67	6
67454	6745	674	67	6
67461	6746	674	67	6
67462	6746	674	67	6
67463	6746	674	67	6
67464	6746	674	67	6
67491	6749	674	67	6
67492	6749	674	67	6
67493	6749	674	67	6
67494	6749	674	67	6
67501	6750	675	67	6
67502	6750	675	67	6
67504	6750	675	67	6
67505	6750	675	67	6
67601	6760	676	67	6
67602	6760	676	67	6
67701	6770	677	67	6
67702	6770	677	67	6
67704	6770	677	67	6
67705	6770	677	67	6
67941	6794	679	67	6
67942	6794	679	67	6
68112	6811	681	68	6
68113	6811	681	68	6
68114	6811	681	68	6
68122	6812	681	68	6
68123	6812	681	68	6
68124	6812	681	68	6
68125	6812	681	68	6
68211	6821	682	68	6
68212	6821	682	68	6
68213	6821	682	68	6
68221	6822	682	68	6
68222	6822	682	68	6
68223	6822	682	68	6
68224	6822	682	68	6
68225	6822	682	68	6
68226	6822	682	68	6
68321	6832	683	68	6
68322	6832	683	68	6
68323	6832	683	68	6
68324	6832	683	68	6
68421	6842	684	68	6
68422	6842	684	68	6
68423	6842	684	68	6
68424	6842	684	68	6
68425	6842	684	68	6
68426	6842	684	68	6
68511	6851	685	68	6
68512	6851	685	68	6
68513	6851	685	68	6
68521	6852	685	68	6
68522	6852	685	68	6
68523	6852	685	68	6
68524	6852	685	68	6
68631	6863	686	68	6
68632	6863	686	68	6
68633	6863	686	68	6
68634	6863	686	68	6
68721	6872	687	68	6
68722	6872	687	68	6
68723	6872	687	68	6
68724	6872	687	68	6
68911	6891	689	68	6
68912	6891	689	68	6
68913	6891	689	68	6
68914	6891	689	68	6
68915	6891	689	68	6
68991	6899	689	68	6
68999	6899	689	68	6
69211	6921	692	69	6
69213	6921	692	69	6
69241	6924	692	69	6
69242	6924	692	69	6
69243	6924	692	69	6
69244	6924	692	69	6
69311	6931	693	69	6
69312	6931	693	69	6
69313	6931	693	69	6
69351	6935	693	69	6
69352	6935	693	69	6
69401	6940	694	69	6
69402	6940	694	69	6
69403	6940	694	69	6
69531	6953	695	69	6
69532	6953	695	69	6
69533	6953	695	69	6
69534	6953	695	69	6
69539	6953	695	69	6
69541	6954	695	69	6
69542	6954	695	69	6
69543	6954	695	69	6
69603	6960	696	69	6
69604	6960	696	69	6
69605	6960	696	69	6
69606	6960	696	69	6
69607	6960	696	69	6
69608	6960	696	69	6
69731	6973	697	69	6
69732	6973	697	69	6
69733	6973	697	69	6
69734	6973	697	69	6
69735	6973	697	69	6
69741	6974	697	69	6
69742	6974	697	69	6
69743	6974	697	69	6
69751	6975	697	69	6
69752	6975	697	69	6
69753	6975	697	69	6
69781	6978	697	69	6
69782	6978	697	69	6
69911	6991	699	69	6
69912	6991	699	69	6
69913	6991	699	69	6
69931	6993	699	69	6
69932	6993	699	69	6
69933	6993	699	69	6
69941	6994	699	69	6
69942	6994	699	69	6
69961	6996	699	69	6
69962	6996	699	69	6
69963	6996	699	69	6
69964	6996	699	69	6
69965	6996	699	69	6
69971	6997	699	69	6
69979	6997	699	69	6
69981	6998	699	69	6
69982	6998	699	69	6
69983	6998	699	69	6
69984	6998	699	69	6
69985	6998	699	69	6
69986	6998	699	69	6
69991	6999	699	69	6
69992	6999	699	69	6
69993	6999	699	69	6
69994	6999	699	69	6
69995	6999	699	69	6
69999	6999	699	69	6
71191	7119	711	71	7
71199	7119	711	71	7
71311	7131	713	71	7
71319	7131	713	71	7
71331	7133	713	71	7
71332	7133	713	71	7
71481	7148	714	71	7
71488	7148	714	71	7
71491	7149	714	71	7
71499	7149	714	71	7
71621	7162	716	71	7
71622	7162	716	71	7
71623	7162	716	71	7
71881	7188	718	71	7
71882	7188	718	71	7
71888	7188	718	71	7
71889	7188	718	71	7
72111	7211	721	72	7
72112	7211	721	72	7
72113	7211	721	72	7
72118	7211	721	72	7
72119	7211	721	72	7
72121	7212	721	72	7
72122	7212	721	72	7
72123	7212	721	72	7
72124	7212	721	72	7
72129	7212	721	72	7
72131	7213	721	72	7
72138	7213	721	72	7
72139	7213	721	72	7
72191	7219	721	72	7
72197	7219	721	72	7
72198	7219	721	72	7
72199	7219	721	72	7
72341	7234	723	72	7
72342	7234	723	72	7
72343	7234	723	72	7
72344	7234	723	72	7
72345	7234	723	72	7
72346	7234	723	72	7
72348	7234	723	72	7
72431	7243	724	72	7
72439	7243	724	72	7
72441	7244	724	72	7
72442	7244	724	72	7
72443	7244	724	72	7
72449	7244	724	72	7
72451	7245	724	72	7
72452	7245	724	72	7
72453	7245	724	72	7
72454	7245	724	72	7
72461	7246	724	72	7
72469	7246	724	72	7
72471	7247	724	72	7
72472	7247	724	72	7
72473	7247	724	72	7
72474	7247	724	72	7
72479	7247	724	72	7
72511	7251	725	72	7
72512	7251	725	72	7
72591	7259	725	72	7
72599	7259	725	72	7
72631	7263	726	72	7
72632	7263	726	72	7
72641	7264	726	72	7
72642	7264	726	72	7
72671	7267	726	72	7
72672	7267	726	72	7
72681	7268	726	72	7
72689	7268	726	72	7
72691	7269	726	72	7
72699	7269	726	72	7
72711	7271	727	72	7
72719	7271	727	72	7
72721	7272	727	72	7
72722	7272	727	72	7
72729	7272	727	72	7
72811	7281	728	72	7
72812	7281	728	72	7
72819	7281	728	72	7
72831	7283	728	72	7
72832	7283	728	72	7
72833	7283	728	72	7
72834	7283	728	72	7
72839	7283	728	72	7
72841	7284	728	72	7
72842	7284	728	72	7
72843	7284	728	72	7
72844	7284	728	72	7
72845	7284	728	72	7
72848	7284	728	72	7
72849	7284	728	72	7
73611	7361	736	73	7
73612	7361	736	73	7
73613	7361	736	73	7
73614	7361	736	73	7
73615	7361	736	73	7
73616	7361	736	73	7
73617	7361	736	73	7
73618	7361	736	73	7
73619	7361	736	73	7
73621	7362	736	73	7
73622	7362	736	73	7
73623	7362	736	73	7
73628	7362	736	73	7
73711	7371	737	73	7
73719	7371	737	73	7
73721	7372	737	73	7
73729	7372	737	73	7
73731	7373	737	73	7
73732	7373	737	73	7
74131	7413	741	74	7
74132	7413	741	74	7
74141	7414	741	74	7
74149	7414	741	74	7
74281	7428	742	74	7
74288	7428	742	74	7
74411	7441	744	74	7
74419	7441	744	74	7
74421	7442	744	74	7
74422	7442	744	74	7
74423	7442	744	74	7
74424	7442	744	74	7
74425	7442	744	74	7
74428	7442	744	74	7
74511	7451	745	74	7
74519	7451	745	74	7
74521	7452	745	74	7
74522	7452	745	74	7
74523	7452	745	74	7
74524	7452	745	74	7
74525	7452	745	74	7
74526	7452	745	74	7
74527	7452	745	74	7
74991	7499	749	74	7
74992	7499	749	74	7
74999	7499	749	74	7
75111	7511	751	75	7
75112	7511	751	75	7
75118	7511	751	75	7
75121	7512	751	75	7
75122	7512	751	75	7
75123	7512	751	75	7
75128	7512	751	75	7
75181	7518	751	75	7
75182	7518	751	75	7
75188	7518	751	75	7
75911	7591	759	75	7
75915	7591	759	75	7
75919	7591	759	75	7
76311	7631	763	76	7
76318	7631	763	76	7
76381	7638	763	76	7
76388	7638	763	76	7
76481	7648	764	76	7
76482	7648	764	76	7
76483	7648	764	76	7
76491	7649	764	76	7
76492	7649	764	76	7
76493	7649	764	76	7
76499	7649	764	76	7
77111	7711	771	77	7
77118	7711	771	77	7
77121	7712	771	77	7
77122	7712	771	77	7
77129	7712	771	77	7
77321	7732	773	77	7
77322	7732	773	77	7
77323	7732	773	77	7
77324	7732	773	77	7
77325	7732	773	77	7
77326	7732	773	77	7
77327	7732	773	77	7
77511	7751	775	77	7
77512	7751	775	77	7
77521	7752	775	77	7
77522	7752	775	77	7
77571	7757	775	77	7
77572	7757	775	77	7
77573	7757	775	77	7
77578	7757	775	77	7
77579	7757	775	77	7
77581	7758	775	77	7
77582	7758	775	77	7
77583	7758	775	77	7
77584	7758	775	77	7
77585	7758	775	77	7
77586	7758	775	77	7
77587	7758	775	77	7
77589	7758	775	77	7
77681	7768	776	77	7
77689	7768	776	77	7
77811	7781	778	77	7
77812	7781	778	77	7
77819	7781	778	77	7
77821	7782	778	77	7
77822	7782	778	77	7
77824	7782	778	77	7
77829	7782	778	77	7
77831	7783	778	77	7
77832	7783	778	77	7
77881	7788	778	77	7
77882	7788	778	77	7
77883	7788	778	77	7
77884	7788	778	77	7
77885	7788	778	77	7
77886	7788	778	77	7
77887	7788	778	77	7
77889	7788	778	77	7
78531	7853	785	78	7
78539	7853	785	78	7
78611	7861	786	78	7
78612	7861	786	78	7
78613	7861	786	78	7
78681	7868	786	78	7
78689	7868	786	78	7
79151	7915	791	79	7
79152	7915	791	79	7
79191	7919	791	79	7
79199	7919	791	79	7
79281	7928	792	79	7
79282	7928	792	79	7
79283	7928	792	79	7
79321	7932	793	79	7
79322	7932	793	79	7
79323	7932	793	79	7
79324	7932	793	79	7
79328	7932	793	79	7
79381	7938	793	79	7
79382	7938	793	79	7
79383	7938	793	79	7
81241	8124	812	81	8
81242	8124	812	81	8
81243	8124	812	81	8
08141	0814	081	08	0
82111	8211	821	82	8
82119	8211	821	82	8
82121	8212	821	82	8
82122	8212	821	82	8
82191	8219	821	82	8
82192	8219	821	82	8
82199	8219	821	82	8
83101	8310	831	83	8
83102	8310	831	83	8
83103	8310	831	83	8
83109	8310	831	83	8
84211	8421	842	84	8
84219	8421	842	84	8
84221	8422	842	84	8
84222	8422	842	84	8
84223	8422	842	84	8
84229	8422	842	84	8
84231	8423	842	84	8
84232	8423	842	84	8
84233	8423	842	84	8
84239	8423	842	84	8
84241	8424	842	84	8
84242	8424	842	84	8
84243	8424	842	84	8
84249	8424	842	84	8
84291	8429	842	84	8
84292	8429	842	84	8
84293	8429	842	84	8
84294	8429	842	84	8
84299	8429	842	84	8
84311	8431	843	84	8
84312	8431	843	84	8
84313	8431	843	84	8
84319	8431	843	84	8
84321	8432	843	84	8
84322	8432	843	84	8
84323	8432	843	84	8
84329	8432	843	84	8
84331	8433	843	84	8
84332	8433	843	84	8
84333	8433	843	84	8
84339	8433	843	84	8
84341	8434	843	84	8
84342	8434	843	84	8
84343	8434	843	84	8
84349	8434	843	84	8
84351	8435	843	84	8
84352	8435	843	84	8
84359	8435	843	84	8
84391	8439	843	84	8
84392	8439	843	84	8
84393	8439	843	84	8
84394	8439	843	84	8
84399	8439	843	84	8
84411	8441	844	84	8
84412	8441	844	84	8
84419	8441	844	84	8
84421	8442	844	84	8
84422	8442	844	84	8
84429	8442	844	84	8
84431	8443	844	84	8
84432	8443	844	84	8
84439	8443	844	84	8
84511	8451	845	84	8
84512	8451	845	84	8
84513	8451	845	84	8
84514	8451	845	84	8
84519	8451	845	84	8
84521	8452	845	84	8
84522	8452	845	84	8
84523	8452	845	84	8
84524	8452	845	84	8
84529	8452	845	84	8
84591	8459	845	84	8
84592	8459	845	84	8
84593	8459	845	84	8
84594	8459	845	84	8
84599	8459	845	84	8
84611	8461	846	84	8
84619	8461	846	84	8
84621	8462	846	84	8
84629	8462	846	84	8
84631	8463	846	84	8
84632	8463	846	84	8
84633	8463	846	84	8
84634	8463	846	84	8
84641	8464	846	84	8
84649	8464	846	84	8
84651	8465	846	84	8
84652	8465	846	84	8
84711	8471	847	84	8
84712	8471	847	84	8
84713	8471	847	84	8
84714	8471	847	84	8
84719	8471	847	84	8
84721	8472	847	84	8
84722	8472	847	84	8
84723	8472	847	84	8
84821	8482	848	84	8
84822	8482	848	84	8
84831	8483	848	84	8
84832	8483	848	84	8
84841	8484	848	84	8
84842	8484	848	84	8
84843	8484	848	84	8
84848	8484	848	84	8
84849	8484	848	84	8
85101	8510	851	85	8
85102	8510	851	85	8
85103	8510	851	85	8
85104	8510	851	85	8
85105	8510	851	85	8
87101	8710	871	87	8
87102	8710	871	87	8
87103	8710	871	87	8
87104	8710	871	87	8
87109	8710	871	87	8
87201	8720	872	87	8
87202	8720	872	87	8
87203	8720	872	87	8
87411	8741	874	87	8
87412	8741	874	87	8
87421	8742	874	87	8
87429	8742	874	87	8
87451	8745	874	87	8
87452	8745	874	87	8
87453	8745	874	87	8
87454	8745	874	87	8
87481	8748	874	87	8
87482	8748	874	87	8
87483	8748	874	87	8
87484	8748	874	87	8
87489	8748	874	87	8
88111	8811	881	88	8
88112	8811	881	88	8
88119	8811	881	88	8
88121	8812	881	88	8
88122	8812	881	88	8
88129	8812	881	88	8
88131	8813	881	88	8
88139	8813	881	88	8
88221	8822	882	88	8
88222	8822	882	88	8
88223	8822	882	88	8
88224	8822	882	88	8
88225	8822	882	88	8
88411	8841	884	88	8
88412	8841	884	88	8
88421	8842	884	88	8
88422	8842	884	88	8
88511	8851	885	88	8
88512	8851	885	88	8
88513	8851	885	88	8
88514	8851	885	88	8
88521	8852	885	88	8
88522	8852	885	88	8
88523	8852	885	88	8
88524	8852	885	88	8
88525	8852	885	88	8
88526	8852	885	88	8
88529	8852	885	88	8
89211	8921	892	89	8
89212	8921	892	89	8
89213	8921	892	89	8
89241	8924	892	89	8
89242	8924	892	89	8
89281	8928	892	89	8
89282	8928	892	89	8
89283	8928	892	89	8
89284	8928	892	89	8
89285	8928	892	89	8
89286	8928	892	89	8
89289	8928	892	89	8
89391	8939	893	89	8
89392	8939	893	89	8
89393	8939	893	89	8
89394	8939	893	89	8
89399	8939	893	89	8
89421	8942	894	89	8
89422	8942	894	89	8
89423	8942	894	89	8
89424	8942	894	89	8
89425	8942	894	89	8
89461	8946	894	89	8
89462	8946	894	89	8
89463	8946	894	89	8
89471	8947	894	89	8
89472	8947	894	89	8
89473	8947	894	89	8
89511	8951	895	89	8
89512	8951	895	89	8
89521	8952	895	89	8
89522	8952	895	89	8
89523	8952	895	89	8
89591	8959	895	89	8
89592	8959	895	89	8
89593	8959	895	89	8
89594	8959	895	89	8
89595	8959	895	89	8
89601	8960	896	89	8
89602	8960	896	89	8
89603	8960	896	89	8
89604	8960	896	89	8
89605	8960	896	89	8
89606	8960	896	89	8
89731	8973	897	89	8
89732	8973	897	89	8
89733	8973	897	89	8
89811	8981	898	89	8
89819	8981	898	89	8
89821	8982	898	89	8
89822	8982	898	89	8
89823	8982	898	89	8
89824	8982	898	89	8
89825	8982	898	89	8
89829	8982	898	89	8
89831	8983	898	89	8
89832	8983	898	89	8
89911	8991	899	89	8
89919	8991	899	89	8
89931	8993	899	89	8
89932	8993	899	89	8
89934	8993	899	89	8
89935	8993	899	89	8
89939	8993	899	89	8
89941	8994	899	89	8
89942	8994	899	89	8
89949	8994	899	89	8
89961	8996	899	89	8
89962	8996	899	89	8
89971	8997	899	89	8
89972	8997	899	89	8
89981	8998	899	89	8
89982	8998	899	89	8
89983	8998	899	89	8
89984	8998	899	89	8
89985	8998	899	89	8
89986	8998	899	89	8
89987	8998	899	89	8
89988	8998	899	89	8
89989	8998	899	89	8
89991	8999	899	89	8
89992	8999	899	89	8
89993	8999	899	89	8
89994	8999	899	89	8
89995	8999	899	89	8
89997	8999	899	89	8
89998	8999	899	89	8
95101	9510	951	95	9
95102	9510	951	95	9
95104	9510	951	95	9
95105	9510	951	95	9
95106	9510	951	95	9
95109	9510	951	95	9
97101	9710	971	97	9
97102	9710	971	97	9
97103	9710	971	97	9
	ZZZZ	ZZZ	ZZ	9
	0013	001	00	0
	0015	001	00	0
	0019	001	00	0
	0112	011	01	0
	0113	011	01	0
	0114	011	01	0
	0115	011	01	0
	0116	011	01	0
	0121	012	01	0
	0129	012	01	0
	0141	014	01	0
	0142	014	01	0
	0149	014	01	0
	0223	022	02	0
	0230	023	02	0
	0240	024	02	0
	0251	025	02	0
	0252	025	02	0
	0341	034	03	0
	0342	034	03	0
	0343	034	03	0
	0344	034	03	0
	0360	036	03	0
	0371	037	03	0
	0372	037	03	0
	0411	041	04	0
	0412	041	04	0
	0430	043	04	0
	0440	044	04	0
	0451	045	04	0
	0452	045	04	0
	0482	048	04	0
	0483	048	04	0
	0488	048	04	0
	0541	054	05	0
	0542	054	05	0
	0544	054	05	0
	0561	056	05	0
	0573	057	05	0
	0574	057	05	0
	0576	057	05	0
	0582	058	05	0
	0583	058	05	0
	0611	061	06	0
	0612	061	06	0
	0615	061	06	0
	0616	061	06	0
	0619	061	06	0
	0712	071	07	0
	0721	072	07	0
	0722	072	07	0
	0730	073	07	0
	0741	074	07	0
	0742	074	07	0
	0751	075	07	0
	0913	091	09	0
	1122	112	11	1
	1123	112	11	1
	1213	121	12	1
	1221	122	12	1
	1222	122	12	1
	1223	122	12	1
	2111	211	21	2
	2112	211	21	2
	2114	211	21	2
	2116	211	21	2
	2117	211	21	2
	2221	222	22	2
	2222	222	22	2
	2223	222	22	2
	2224	222	22	2
	2225	222	22	2
	2226	222	22	2
	2231	223	22	2
	2232	223	22	2
	2234	223	22	2
	2235	223	22	2
	2238	223	22	2
	2239	223	22	2
	2479	247	24	2
	2481	248	24	2
	2511	251	25	2
	2512	251	25	2
	2516	251	25	2
	2613	261	26	2
	2631	263	26	2
	2632	263	26	2
	2633	263	26	2
	2634	263	26	2
	2640	264	26	2
	2652	265	26	2
	2654	265	26	2
	2655	265	26	2
	2681	268	26	2
	2682	268	26	2
	2683	268	26	2
	2687	268	26	2
	2711	271	27	2
	2712	271	27	2
	2714	271	27	2
	2733	273	27	2
	2734	273	27	2
	2741	274	27	2
	2742	274	27	2
	2771	277	27	2
	2783	278	27	2
	2784	278	27	2
	2814	281	28	2
	2815	281	28	2
	2816	281	28	2
	2860	286	28	2
	2874	287	28	2
	2875	287	28	2
	2876	287	28	2
	2877	287	28	2
	2881	288	28	2
	2922	292	29	2
	2923	292	29	2
	2924	292	29	2
	2925	292	29	2
	3221	322	32	3
	3222	322	32	3
	3223	322	32	3
	3224	322	32	3
	3330	333	33	3
	3343	334	33	3
	3344	334	33	3
	3414	341	34	3
	3415	341	34	3
	3510	351	35	3
	4232	423	42	4
	4233	423	42	4
	4234	423	42	4
	4235	423	42	4
	4236	423	42	4
	4241	424	42	4
	4242	424	42	4
	4243	424	42	4
	4244	424	42	4
	4245	424	42	4
	4249	424	42	4
	4311	431	43	4
	4312	431	43	4
	5114	511	51	5
	5122	512	51	5
	5139	513	51	5
	5145	514	51	5
	5146	514	51	5
	5147	514	51	5
	5154	515	51	5
	5241	524	52	5
	5311	531	53	5
	5323	532	53	5
	5331	533	53	5
	5332	533	53	5
	5411	541	54	5
	5414	541	54	5
	5513	551	55	5
	5514	551	55	5
	5530	553	55	5
	5541	554	55	5
	5542	554	55	5
	5543	554	55	5
	5722	572	57	5
	5723	572	57	5
	5827	582	58	5
	5828	582	58	5
	5829	582	58	5
	5837	583	58	5
	5838	583	58	5
	5839	583	58	5
	5841	584	58	5
	5851	585	58	5
	5911	591	59	5
	5912	591	59	5
	5913	591	59	5
	5982	598	59	5
	6112	611	61	6
	6113	611	61	6
	6114	611	61	6
	6115	611	61	6
	6121	612	61	6
	6122	612	61	6
	6123	612	61	6
	6129	612	61	6
	6130	613	61	6
	6251	625	62	6
	6252	625	62	6
	6253	625	62	6
	6254	625	62	6
	6281	628	62	6
	6282	628	62	6
	6341	634	63	6
	6342	634	63	6
	6351	635	63	6
	6352	635	63	6
	6353	635	63	6
	6411	641	64	6
	6421	642	64	6
	6422	642	64	6
	6423	642	64	6
	6532	653	65	6
	6536	653	65	6
	6541	654	65	6
	6544	654	65	6
	6545	654	65	6
	6546	654	65	6
	6551	655	65	6
	6553	655	65	6
	6571	657	65	6
	6572	657	65	6
	6574	657	65	6
	6581	658	65	6
	6593	659	65	6
	6597	659	65	6
	6611	661	66	6
	6612	661	66	6
	6631	663	66	6
	6632	663	66	6
	6635	663	66	6
	6637	663	66	6
	6642	664	66	6
	6643	664	66	6
	6644	664	66	6
	6645	664	66	6
	6646	664	66	6
	6647	664	66	6
	6648	664	66	6
	6652	665	66	6
	6664	666	66	6
	6665	666	66	6
	6666	666	66	6
	6671	667	66	6
	6673	667	66	6
	6674	667	66	6
	6712	671	67	6
	6747	674	67	6
	6781	678	67	6
	6782	678	67	6
	6783	678	67	6
	6784	678	67	6
	6785	678	67	6
	6793	679	67	6
	6831	683	68	6
	6841	684	68	6
	6861	686	68	6
	6871	687	68	6
	6880	688	68	6
	6911	691	69	6
	6912	691	69	6
	6932	693	69	6
	6951	695	69	6
	6992	699	69	6
	7111	711	71	7
	7112	711	71	7
	7126	712	71	7
	7129	712	71	7
	7132	713	71	7
	7138	713	71	7
	7139	713	71	7
	7144	714	71	7
	7161	716	71	7
	7163	716	71	7
	7169	716	71	7
	7187	718	71	7
	7223	722	72	7
	7224	722	72	7
	7233	723	72	7
	7239	723	72	7
	7248	724	72	7
	7252	725	72	7
	7367	736	73	7
	7368	736	73	7
	7369	736	73	7
	7411	741	74	7
	7412	741	74	7
	7415	741	74	7
	7416	741	74	7
	7421	742	74	7
	7422	742	74	7
	7423	742	74	7
	7429	742	74	7
	7431	743	74	7
	7432	743	74	7
	7433	743	74	7
	7434	743	74	7
	7435	743	74	7
	7436	743	74	7
	7439	743	74	7
	7449	744	74	7
	7491	749	74	7
	7492	749	74	7
	7493	749	74	7
	7521	752	75	7
	7522	752	75	7
	7523	752	75	7
	7524	752	75	7
	7525	752	75	7
	7528	752	75	7
	7599	759	75	7
	7611	761	76	7
	7612	761	76	7
	7621	762	76	7
	7622	762	76	7
	7628	762	76	7
	7641	764	76	7
	7642	764	76	7
	7643	764	76	7
	7721	772	77	7
	7722	772	77	7
	7723	772	77	7
	7731	773	77	7
	7741	774	77	7
	7742	774	77	7
	7753	775	77	7
	7754	775	77	7
	7761	776	77	7
	7762	776	77	7
	7763	776	77	7
	7764	776	77	7
	7784	778	77	7
	7810	781	78	7
	7821	782	78	7
	7822	782	78	7
	7831	783	78	7
	7832	783	78	7
	7841	784	78	7
	7842	784	78	7
	7849	784	78	7
	7851	785	78	7
	7852	785	78	7
	7911	791	79	7
	7912	791	79	7
	7913	791	79	7
	7914	791	79	7
	7921	792	79	7
	7922	792	79	7
	7923	792	79	7
	7924	792	79	7
	7929	792	79	7
	7931	793	79	7
	7933	793	79	7
	8121	812	81	8
	8122	812	81	8
	8481	848	84	8
	8731	873	87	8
	8732	873	87	8
	8743	874	87	8
	8744	874	87	8
	8749	874	87	8
	8821	882	88	8
	8830	883	88	8
	8922	892	89	8
	8931	893	89	8
	8932	893	89	8
	8933	893	89	8
	8935	893	89	8
	8941	894	89	8
	8972	897	89	8
	8974	897	89	8
	8989	898	89	8
	9110	911	91	9
	9310	931	93	9
	9410	941	94	9
	9610	961	96	9
